Date,Promo,Temperature,Sales,Month,IsWeekend,DayOfYear,IsHoliday,DayOfWeek_Monday,DayOfWeek_Saturday,DayOfWeek_Sunday,DayOfWeek_Thursday,DayOfWeek_Tuesday,DayOfWeek_Wednesday,Weather_Rainy,Weather_Snowy,Weather_Sunny,Season_Spring,Season_Summer,Season_Winter
2023-01-01,0,8.2,221,1,True,1,False,False,False,True,False,False,False,False,True,False,False,False,True
2023-01-02,0,8.8,130,1,False,2,True,True,False,False,False,False,False,False,True,False,False,False,True
2023-01-03,0,-3.6,151,1,False,3,False,False,False,False,False,True,False,True,False,False,False,False,True
2023-01-04,0,-2.1,202,1,False,4,False,False,False,False,False,False,True,False,False,False,False,False,True
2023-01-05,0,2.0,219,1,False,5,False,False,False,False,True,False,False,False,False,True,False,False,True
2023-01-06,0,-0.3,100,1,False,6,False,False,False,False,False,False,False,False,True,False,False,False,True
2023-01-07,0,8.7,240,1,True,7,False,False,True,False,False,False,False,False,False,True,False,False,True
2023-01-08,1,1.4,342,1,True,8,False,False,False,True,False,False,False,False,False,True,False,False,True
2023-01-09,0,1.6,123,1,False,9,False,True,False,False,False,False,False,False,True,False,False,False,True
2023-01-10,1,3.5,256,1,False,10,False,False,False,False,False,True,False,False,False,False,False,False,True
2023-01-11,1,4.6,287,1,False,11,False,False,False,False,False,False,True,False,False,False,False,False,True
2023-01-12,1,12.7,244,1,False,12,False,False,False,False,True,False,False,True,False,False,False,False,True
2023-01-13,0,3.9,153,1,False,13,False,False,False,False,False,False,False,True,False,False,False,False,True
2023-01-14,1,2.5,340,1,True,14,False,False,True,False,False,False,False,False,False,False,False,False,True
2023-01-15,1,1.5,305,1,True,15,False,False,False,True,False,False,False,True,False,False,False,False,True
2023-01-16,0,6.3,153,1,False,16,True,True,False,False,False,False,False,True,False,False,False,False,True
2023-01-17,1,14.4,261,1,False,17,False,False,False,False,False,True,False,False,False,True,False,False,True
2023-01-18,0,4.9,226,1,False,18,False,False,False,False,False,False,True,False,False,True,False,False,True
2023-01-19,0,10.7,198,1,False,19,False,False,False,False,True,False,False,True,False,False,False,False,True
2023-01-20,0,-2.0,159,1,False,20,False,False,False,False,False,False,False,True,False,False,False,False,True
2023-01-21,0,-2.8,251,1,True,21,False,False,True,False,False,False,False,False,False,True,False,False,True
2023-01-22,1,12.7,325,1,True,22,False,False,False,True,False,False,False,False,False,True,False,False,True
2023-01-23,1,-3.0,225,1,False,23,False,True,False,False,False,False,False,True,False,False,False,False,True
2023-01-24,1,-1.6,284,1,False,24,False,False,False,False,False,True,False,False,False,False,False,False,True
2023-01-25,0,6.5,176,1,False,25,False,False,False,False,False,False,True,False,False,False,False,False,True
2023-01-26,1,8.3,308,1,False,26,False,False,False,False,True,False,False,False,False,True,False,False,True
2023-01-27,0,3.8,168,1,False,27,False,False,False,False,False,False,False,True,False,False,False,False,True
2023-01-28,1,6.7,384,1,True,28,False,False,True,False,False,False,False,False,False,False,False,False,True
2023-01-29,0,-0.4,259,1,True,29,False,False,False,True,False,False,False,False,False,False,False,False,True
2023-01-30,1,4.6,297,1,False,30,False,True,False,False,False,False,False,False,False,False,False,False,True
2023-01-31,0,5.9,171,1,False,31,False,False,False,False,False,True,False,True,False,False,False,False,True
2023-02-01,1,-0.7,261,2,False,32,False,False,False,False,False,False,True,False,False,False,False,False,True
2023-02-02,1,7.6,299,2,False,33,False,False,False,False,True,False,False,False,False,False,False,False,True
2023-02-03,1,8.3,301,2,False,34,False,False,False,False,False,False,False,False,False,True,False,False,True
2023-02-04,0,8.4,221,2,True,35,False,False,True,False,False,False,False,True,False,False,False,False,True
2023-02-05,1,-0.4,336,2,True,36,False,False,False,True,False,False,False,False,False,True,False,False,True
2023-02-06,0,-5.1,184,2,False,37,False,True,False,False,False,False,False,False,False,False,False,False,True
2023-02-07,0,4.4,133,2,False,38,False,False,False,False,False,True,False,False,True,False,False,False,True
2023-02-08,0,13.8,262,2,False,39,False,False,False,False,False,False,True,False,False,True,False,False,True
2023-02-09,0,10.2,235,2,False,40,False,False,False,False,True,False,False,False,False,True,False,False,True
2023-02-10,0,-11.2,252,2,False,41,False,False,False,False,False,False,False,False,False,True,False,False,True
2023-02-11,0,-2.2,270,2,True,42,False,False,True,False,False,False,False,False,False,True,False,False,True
2023-02-12,0,6.0,272,2,True,43,False,False,False,True,False,False,False,False,False,True,False,False,True
2023-02-13,0,8.3,211,2,False,44,False,True,False,False,False,False,False,False,False,False,False,False,True
2023-02-14,1,6.4,208,2,False,45,False,False,False,False,False,True,False,False,True,False,False,False,True
2023-02-15,0,9.2,212,2,False,46,False,False,False,False,False,False,True,False,False,False,False,False,True
2023-02-16,0,8.7,245,2,False,47,False,False,False,False,True,False,False,False,False,True,False,False,True
2023-02-17,0,2.0,156,2,False,48,False,False,False,False,False,False,False,False,True,False,False,False,True
2023-02-18,0,11.5,196,2,True,49,False,False,True,False,False,False,False,False,True,False,False,False,True
2023-02-19,1,4.3,275,2,True,50,False,False,False,True,False,False,False,True,False,False,False,False,True
2023-02-20,0,8.1,201,2,False,51,True,True,False,False,False,False,False,False,False,False,False,False,True
2023-02-21,0,1.6,188,2,False,52,False,False,False,False,False,True,False,False,False,False,False,False,True
2023-02-22,0,6.2,191,2,False,53,False,False,False,False,False,False,True,False,False,True,False,False,True
2023-02-23,1,-2.0,249,2,False,54,False,False,False,False,True,False,False,False,True,False,False,False,True
2023-02-24,0,4.9,146,2,False,55,False,False,False,False,False,False,False,False,True,False,False,False,True
2023-02-25,1,0.9,291,2,True,56,False,False,True,False,False,False,False,True,False,False,False,False,True
2023-02-26,0,6.1,190,2,True,57,False,False,False,True,False,False,False,False,True,False,False,False,True
2023-02-27,0,7.5,203,2,False,58,False,True,False,False,False,False,False,False,False,False,False,False,True
2023-02-28,0,15.9,177,2,False,59,False,False,False,False,False,True,False,False,False,True,False,False,True
2023-03-01,0,16.4,208,3,False,60,False,False,False,False,False,False,True,False,False,True,True,False,False
2023-03-02,0,22.3,185,3,False,61,False,False,False,False,True,False,False,False,False,True,True,False,False
2023-03-03,1,14.5,268,3,False,62,False,False,False,False,False,False,False,False,False,False,True,False,False
2023-03-04,0,15.2,228,3,True,63,False,False,True,False,False,False,False,False,False,False,True,False,False
2023-03-05,1,17.8,355,3,True,64,False,False,False,True,False,False,False,False,False,False,True,False,False
2023-03-06,0,15.5,241,3,False,65,False,True,False,False,False,False,False,False,False,False,True,False,False
2023-03-07,1,17.6,263,3,False,66,False,False,False,False,False,True,False,True,False,False,True,False,False
2023-03-08,0,8.0,214,3,False,67,False,False,False,False,False,False,True,False,False,True,True,False,False
2023-03-09,0,21.5,198,3,False,68,False,False,False,False,True,False,False,False,False,False,True,False,False
2023-03-10,0,14.6,147,3,False,69,False,False,False,False,False,False,False,False,True,False,True,False,False
2023-03-11,0,14.7,280,3,True,70,False,False,True,False,False,False,False,False,False,True,True,False,False
2023-03-12,0,11.8,258,3,True,71,False,False,False,True,False,False,False,False,False,True,True,False,False
2023-03-13,0,12.2,195,3,False,72,False,True,False,False,False,False,False,False,False,False,True,False,False
2023-03-14,1,12.7,249,3,False,73,False,False,False,False,False,True,False,False,False,False,True,False,False
2023-03-15,0,17.3,222,3,False,74,False,False,False,False,False,False,True,False,False,False,True,False,False
2023-03-16,0,15.8,157,3,False,75,False,False,False,False,True,False,False,True,False,False,True,False,False
2023-03-17,0,21.7,229,3,False,76,False,False,False,False,False,False,False,False,False,False,True,False,False
2023-03-18,0,17.2,202,3,True,77,False,False,True,False,False,False,False,True,False,False,True,False,False
2023-03-19,0,9.4,210,3,True,78,False,False,False,True,False,False,False,True,False,False,True,False,False
2023-03-20,0,11.7,215,3,False,79,False,True,False,False,False,False,False,False,False,True,True,False,False
2023-03-21,1,12.7,260,3,False,80,False,False,False,False,False,True,False,False,False,False,True,False,False
2023-03-22,1,17.2,234,3,False,81,False,False,False,False,False,False,True,True,False,False,True,False,False
2023-03-23,0,16.0,186,3,False,82,False,False,False,False,True,False,False,False,False,True,True,False,False
2023-03-24,0,15.2,190,3,False,83,False,False,False,False,False,False,False,True,False,False,True,False,False
2023-03-25,0,17.1,234,3,True,84,False,False,True,False,False,False,False,False,False,False,True,False,False
2023-03-26,0,12.6,213,3,True,85,False,False,False,True,False,False,False,False,True,False,True,False,False
2023-03-27,0,13.0,191,3,False,86,False,True,False,False,False,False,False,False,False,False,True,False,False
2023-03-28,0,13.7,129,3,False,87,False,False,False,False,False,True,False,True,False,False,True,False,False
2023-03-29,0,15.1,215,3,False,88,False,False,False,False,False,False,True,False,False,True,True,False,False
2023-03-30,0,18.1,176,3,False,89,False,False,False,False,True,False,False,True,False,False,True,False,False
2023-03-31,0,15.7,153,3,False,90,False,False,False,False,False,False,False,True,False,False,True,False,False
2023-04-01,0,13.1,270,4,True,91,False,False,True,False,False,False,False,False,False,False,True,False,False
2023-04-02,0,13.9,257,4,True,92,False,False,False,True,False,False,False,False,False,False,True,False,False
2023-04-03,0,20.4,184,4,False,93,False,True,False,False,False,False,False,False,False,False,True,False,False
2023-04-04,0,7.9,138,4,False,94,False,False,False,False,False,True,False,False,True,False,True,False,False
2023-04-05,0,15.5,179,4,False,95,False,False,False,False,False,False,True,True,False,False,True,False,False
2023-04-06,1,22.5,289,4,False,96,False,False,False,False,True,False,False,False,False,True,True,False,False
2023-04-07,1,14.5,186,4,False,97,False,False,False,False,False,False,False,False,True,False,True,False,False
2023-04-08,0,11.0,271,4,True,98,False,False,True,False,False,False,False,False,False,True,True,False,False
2023-04-09,0,21.7,265,4,True,99,False,False,False,True,False,False,False,False,False,True,True,False,False
2023-04-10,0,14.1,192,4,False,100,False,True,False,False,False,False,False,True,False,False,True,False,False
2023-04-11,0,10.6,200,4,False,101,False,False,False,False,False,True,False,False,False,False,True,False,False
2023-04-12,0,12.7,189,4,False,102,False,False,False,False,False,False,True,False,False,False,True,False,False
2023-04-13,0,21.0,244,4,False,103,False,False,False,False,True,False,False,False,False,True,True,False,False
2023-04-14,0,9.4,255,4,False,104,False,False,False,False,False,False,False,False,False,True,True,False,False
2023-04-15,0,20.1,259,4,True,105,False,False,True,False,False,False,False,False,False,True,True,False,False
2023-04-16,0,14.0,278,4,True,106,False,False,False,True,False,False,False,False,False,True,True,False,False
2023-04-17,1,17.5,306,4,False,107,False,True,False,False,False,False,False,False,False,True,True,False,False
2023-04-18,0,12.9,171,4,False,108,False,False,False,False,False,True,False,False,False,False,True,False,False
2023-04-19,0,22.0,224,4,False,109,False,False,False,False,False,False,True,False,False,True,True,False,False
2023-04-20,1,14.8,303,4,False,110,False,False,False,False,True,False,False,False,False,True,True,False,False
2023-04-21,0,8.2,223,4,False,111,False,False,False,False,False,False,False,False,False,True,True,False,False
2023-04-22,1,12.8,280,4,True,112,False,False,True,False,False,False,False,True,False,False,True,False,False
2023-04-23,0,16.9,253,4,True,113,False,False,False,True,False,False,False,True,False,False,True,False,False
2023-04-24,0,7.6,140,4,False,114,False,True,False,False,False,False,False,False,True,False,True,False,False
2023-04-25,0,12.0,181,4,False,115,False,False,False,False,False,True,False,False,False,False,True,False,False
2023-04-26,1,11.2,303,4,False,116,False,False,False,False,False,False,True,False,False,True,True,False,False
2023-04-27,1,15.5,322,4,False,117,False,False,False,False,True,False,False,False,False,True,True,False,False
2023-04-28,0,14.9,256,4,False,118,False,False,False,False,False,False,False,False,False,True,True,False,False
2023-04-29,0,18.9,235,4,True,119,False,False,True,False,False,False,False,False,False,False,True,False,False
2023-04-30,1,14.7,323,4,True,120,False,False,False,True,False,False,False,False,False,True,True,False,False
2023-05-01,1,19.3,278,5,False,121,False,True,False,False,False,False,False,False,False,False,True,False,False
2023-05-02,0,16.7,114,5,False,122,False,False,False,False,False,True,False,False,True,False,True,False,False
2023-05-03,1,19.2,300,5,False,123,False,False,False,False,False,False,True,False,False,True,True,False,False
2023-05-04,0,15.4,193,5,False,124,False,False,False,False,True,False,False,False,False,False,True,False,False
2023-05-05,0,11.4,228,5,False,125,False,False,False,False,False,False,False,False,False,False,True,False,False
2023-05-06,0,16.1,271,5,True,126,False,False,True,False,False,False,False,False,False,False,True,False,False
2023-05-07,1,20.6,321,5,True,127,False,False,False,True,False,False,False,False,False,False,True,False,False
2023-05-08,0,13.3,181,5,False,128,False,True,False,False,False,False,False,False,False,False,True,False,False
2023-05-09,0,15.9,239,5,False,129,False,False,False,False,False,True,False,False,False,True,True,False,False
2023-05-10,1,10.5,259,5,False,130,False,False,False,False,False,False,True,True,False,False,True,False,False
2023-05-11,0,12.9,157,5,False,131,False,False,False,False,True,False,False,True,False,False,True,False,False
2023-05-12,0,20.7,149,5,False,132,False,False,False,False,False,False,False,False,True,False,True,False,False
2023-05-13,1,8.9,337,5,True,133,False,False,True,False,False,False,False,False,False,True,True,False,False
2023-05-14,1,16.1,310,5,True,134,False,False,False,True,False,False,False,False,True,False,True,False,False
2023-05-15,0,12.1,159,5,False,135,False,True,False,False,False,False,False,True,False,False,True,False,False
2023-05-16,1,25.1,270,5,False,136,False,False,False,False,False,True,False,True,False,False,True,False,False
2023-05-17,0,13.6,186,5,False,137,False,False,False,False,False,False,True,True,False,False,True,False,False
2023-05-18,0,20.5,202,5,False,138,False,False,False,False,True,False,False,False,False,False,True,False,False
2023-05-19,0,13.4,203,5,False,139,False,False,False,False,False,False,False,False,False,False,True,False,False
2023-05-20,0,17.6,274,5,True,140,False,False,True,False,False,False,False,False,False,True,True,False,False
2023-05-21,1,16.1,291,5,True,141,False,False,False,True,False,False,False,True,False,False,True,False,False
2023-05-22,0,15.5,169,5,False,142,False,True,False,False,False,False,False,False,False,False,True,False,False
2023-05-23,0,16.5,188,5,False,143,False,False,False,False,False,True,False,False,False,False,True,False,False
2023-05-24,0,9.2,129,5,False,144,False,False,False,False,False,False,True,False,True,False,True,False,False
2023-05-25,0,12.7,233,5,False,145,False,False,False,False,True,False,False,False,False,True,True,False,False
2023-05-26,0,8.9,204,5,False,146,False,False,False,False,False,False,False,False,False,False,True,False,False
2023-05-27,1,20.8,356,5,True,147,False,False,True,False,False,False,False,False,False,True,True,False,False
2023-05-28,1,17.6,344,5,True,148,False,False,False,True,False,False,False,False,False,False,True,False,False
2023-05-29,1,22.2,252,5,False,149,True,True,False,False,False,False,False,True,False,False,True,False,False
2023-05-30,0,13.2,151,5,False,150,False,False,False,False,False,True,False,False,False,False,True,False,False
2023-05-31,0,16.7,219,5,False,151,False,False,False,False,False,False,True,False,False,True,True,False,False
2023-06-01,0,25.1,159,6,False,152,False,False,False,False,True,False,False,False,False,False,False,True,False
2023-06-02,0,34.0,208,6,False,153,False,False,False,False,False,False,False,False,False,True,False,True,False
2023-06-03,0,29.6,257,6,True,154,False,False,True,False,False,False,False,False,False,True,False,True,False
2023-06-04,1,30.2,356,6,True,155,False,False,False,True,False,False,False,False,False,False,False,True,False
2023-06-05,0,26.0,190,6,False,156,False,True,False,False,False,False,False,False,False,False,False,True,False
2023-06-06,1,24.9,334,6,False,157,False,False,False,False,False,True,False,False,False,True,False,True,False
2023-06-07,0,25.6,119,6,False,158,False,False,False,False,False,False,True,False,True,False,False,True,False
2023-06-08,0,27.0,210,6,False,159,False,False,False,False,True,False,False,False,False,True,False,True,False
2023-06-09,0,30.2,210,6,False,160,False,False,False,False,False,False,False,False,False,True,False,True,False
2023-06-10,0,28.3,279,6,True,161,False,False,True,False,False,False,False,False,False,False,False,True,False
2023-06-11,1,26.3,336,6,True,162,False,False,False,True,False,False,False,False,False,True,False,True,False
2023-06-12,1,27.7,315,6,False,163,False,True,False,False,False,False,False,False,False,True,False,True,False
2023-06-13,0,19.4,193,6,False,164,False,False,False,False,False,True,False,True,False,False,False,True,False
2023-06-14,1,25.4,319,6,False,165,False,False,False,False,False,False,True,False,False,True,False,True,False
2023-06-15,0,29.3,213,6,False,166,False,False,False,False,True,False,False,False,False,True,False,True,False
2023-06-16,0,26.9,220,6,False,167,False,False,False,False,False,False,False,False,False,False,False,True,False
2023-06-17,0,24.8,271,6,True,168,False,False,True,False,False,False,False,False,False,True,False,True,False
2023-06-18,0,25.4,288,6,True,169,False,False,False,True,False,False,False,False,False,True,False,True,False
2023-06-19,0,24.3,149,6,False,170,True,True,False,False,False,False,False,True,False,False,False,True,False
2023-06-20,0,24.0,217,6,False,171,False,False,False,False,False,True,False,False,False,False,False,True,False
2023-06-21,1,24.7,301,6,False,172,False,False,False,False,False,False,True,False,False,False,False,True,False
2023-06-22,0,28.2,172,6,False,173,False,False,False,False,True,False,False,False,True,False,False,True,False
2023-06-23,0,26.6,208,6,False,174,False,False,False,False,False,False,False,False,False,False,False,True,False
2023-06-24,0,30.9,261,6,True,175,False,False,True,False,False,False,False,False,False,False,False,True,False
2023-06-25,1,25.6,300,6,True,176,False,False,False,True,False,False,False,True,False,False,False,True,False
2023-06-26,0,20.0,207,6,False,177,False,True,False,False,False,False,False,False,False,True,False,True,False
2023-06-27,0,30.0,265,6,False,178,False,False,False,False,False,True,False,False,False,True,False,True,False
2023-06-28,0,18.1,220,6,False,179,False,False,False,False,False,False,True,False,False,False,False,True,False
2023-06-29,0,29.3,205,6,False,180,False,False,False,False,True,False,False,False,False,False,False,True,False
2023-06-30,0,16.5,120,6,False,181,False,False,False,False,False,False,False,False,True,False,False,True,False
2023-07-01,1,17.1,318,7,True,182,False,False,True,False,False,False,False,True,False,False,False,True,False
2023-07-02,0,25.5,257,7,True,183,False,False,False,True,False,False,False,False,False,True,False,True,False
2023-07-03,0,27.8,247,7,False,184,False,True,False,False,False,False,False,False,False,True,False,True,False
2023-07-04,0,25.2,185,7,False,185,True,False,False,False,False,True,False,False,False,False,False,True,False
2023-07-05,0,21.5,187,7,False,186,False,False,False,False,False,False,True,True,False,False,False,True,False
2023-07-06,1,20.8,226,7,False,187,False,False,False,False,True,False,False,True,False,False,False,True,False
2023-07-07,1,24.4,277,7,False,188,False,False,False,False,False,False,False,False,False,False,False,True,False
2023-07-08,0,24.6,203,7,True,189,False,False,True,False,False,False,False,True,False,False,False,True,False
2023-07-09,0,33.1,245,7,True,190,False,False,False,True,False,False,False,False,False,False,False,True,False
2023-07-10,0,21.8,200,7,False,191,False,True,False,False,False,False,False,False,False,False,False,True,False
2023-07-11,0,17.2,216,7,False,192,False,False,False,False,False,True,False,False,False,False,False,True,False
2023-07-12,0,33.4,205,7,False,193,False,False,False,False,False,False,True,False,False,True,False,True,False
2023-07-13,0,20.4,111,7,False,194,False,False,False,False,True,False,False,False,True,False,False,True,False
2023-07-14,0,30.5,148,7,False,195,False,False,False,False,False,False,False,True,False,False,False,True,False
2023-07-15,1,25.7,277,7,True,196,False,False,True,False,False,False,False,False,True,False,False,True,False
2023-07-16,0,28.5,234,7,True,197,False,False,False,True,False,False,False,False,False,False,False,True,False
2023-07-17,0,27.5,96,7,False,198,False,True,False,False,False,False,False,False,True,False,False,True,False
2023-07-18,0,25.4,188,7,False,199,False,False,False,False,False,True,False,True,False,False,False,True,False
2023-07-19,1,30.0,264,7,False,200,False,False,False,False,False,False,True,False,False,False,False,True,False
2023-07-20,0,30.4,199,7,False,201,False,False,False,False,True,False,False,False,False,False,False,True,False
2023-07-21,0,18.4,193,7,False,202,False,False,False,False,False,False,False,False,False,False,False,True,False
2023-07-22,0,24.6,271,7,True,203,False,False,True,False,False,False,False,False,False,True,False,True,False
2023-07-23,0,28.0,294,7,True,204,False,False,False,True,False,False,False,False,False,True,False,True,False
2023-07-24,0,25.7,207,7,False,205,False,True,False,False,False,False,False,False,False,True,False,True,False
2023-07-25,0,25.0,243,7,False,206,False,False,False,False,False,True,False,False,False,True,False,True,False
2023-07-26,0,18.2,176,7,False,207,False,False,False,False,False,False,True,False,False,False,False,True,False
2023-07-27,1,12.0,287,7,False,208,False,False,False,False,True,False,False,False,False,False,False,True,False
2023-07-28,0,25.6,243,7,False,209,False,False,False,False,False,False,False,False,False,True,False,True,False
2023-07-29,0,20.6,254,7,True,210,False,False,True,False,False,False,False,True,False,False,False,True,False
2023-07-30,0,21.7,257,7,True,211,False,False,False,True,False,False,False,False,False,True,False,True,False
2023-07-31,0,22.0,205,7,False,212,False,True,False,False,False,False,False,False,False,False,False,True,False
2023-08-01,0,27.3,240,8,False,213,False,False,False,False,False,True,False,False,False,False,False,True,False
2023-08-02,0,25.9,200,8,False,214,False,False,False,False,False,False,True,False,False,True,False,True,False
2023-08-03,0,30.9,219,8,False,215,False,False,False,False,True,False,False,False,False,False,False,True,False
2023-08-04,0,23.7,231,8,False,216,False,False,False,False,False,False,False,False,False,True,False,True,False
2023-08-05,0,25.3,250,8,True,217,False,False,True,False,False,False,False,True,False,False,False,True,False
2023-08-06,1,20.8,290,8,True,218,False,False,False,True,False,False,False,False,False,False,False,True,False
2023-08-07,0,26.5,217,8,False,219,False,True,False,False,False,False,False,False,False,False,False,True,False
2023-08-08,1,26.4,312,8,False,220,False,False,False,False,False,True,False,False,False,False,False,True,False
2023-08-09,1,25.9,287,8,False,221,False,False,False,False,False,False,True,False,False,False,False,True,False
2023-08-10,1,25.1,334,8,False,222,False,False,False,False,True,False,False,False,False,True,False,True,False
2023-08-11,0,28.8,195,8,False,223,False,False,False,False,False,False,False,True,False,False,False,True,False
2023-08-12,0,20.7,231,8,True,224,False,False,True,False,False,False,False,True,False,False,False,True,False
2023-08-13,0,31.0,247,8,True,225,False,False,False,True,False,False,False,False,False,False,False,True,False
2023-08-14,1,28.2,308,8,False,226,False,True,False,False,False,False,False,False,False,True,False,True,False
2023-08-15,0,33.6,224,8,False,227,False,False,False,False,False,True,False,False,False,True,False,True,False
2023-08-16,0,31.3,221,8,False,228,False,False,False,False,False,False,True,True,False,False,False,True,False
2023-08-17,0,35.3,240,8,False,229,False,False,False,False,True,False,False,False,False,True,False,True,False
2023-08-18,0,25.0,190,8,False,230,False,False,False,False,False,False,False,False,False,False,False,True,False
2023-08-19,1,19.3,315,8,True,231,False,False,True,False,False,False,False,False,False,False,False,True,False
2023-08-20,0,28.2,307,8,True,232,False,False,False,True,False,False,False,False,False,True,False,True,False
2023-08-21,0,23.1,237,8,False,233,False,True,False,False,False,False,False,False,False,False,False,True,False
2023-08-22,0,16.2,217,8,False,234,False,False,False,False,False,True,False,False,False,True,False,True,False
2023-08-23,0,19.2,169,8,False,235,False,False,False,False,False,False,True,True,False,False,False,True,False
2023-08-24,0,27.3,206,8,False,236,False,False,False,False,True,False,False,False,False,False,False,True,False
2023-08-25,1,20.6,275,8,False,237,False,False,False,False,False,False,False,False,False,False,False,True,False
2023-08-26,0,23.6,235,8,True,238,False,False,True,False,False,False,False,False,False,False,False,True,False
2023-08-27,0,28.7,271,8,True,239,False,False,False,True,False,False,False,False,False,True,False,True,False
2023-08-28,1,22.4,274,8,False,240,False,True,False,False,False,False,False,False,False,True,False,True,False
2023-08-29,0,16.9,155,8,False,241,False,False,False,False,False,True,False,True,False,False,False,True,False
2023-08-30,1,25.3,263,8,False,242,False,False,False,False,False,False,True,True,False,False,False,True,False
2023-08-31,0,19.6,208,8,False,243,False,False,False,False,True,False,False,False,False,False,False,True,False
2023-09-01,0,13.1,155,9,False,244,False,False,False,False,False,False,False,True,False,False,False,False,False
2023-09-02,1,9.2,302,9,True,245,False,False,True,False,False,False,False,True,False,False,False,False,False
2023-09-03,0,16.5,248,9,True,246,False,False,False,True,False,False,False,False,False,False,False,False,False
2023-09-04,0,17.6,172,9,False,247,True,True,False,False,False,False,False,True,False,False,False,False,False
2023-09-05,0,11.2,225,9,False,248,False,False,False,False,False,True,False,False,False,False,False,False,False
2023-09-06,1,17.1,243,9,False,249,False,False,False,False,False,False,True,True,False,False,False,False,False
2023-09-07,0,21.3,178,9,False,250,False,False,False,False,True,False,False,False,False,False,False,False,False
2023-09-08,0,14.8,178,9,False,251,False,False,False,False,False,False,False,False,False,False,False,False,False
2023-09-09,1,15.3,306,9,True,252,False,False,True,False,False,False,False,True,False,False,False,False,False
2023-09-10,0,18.3,229,9,True,253,False,False,False,True,False,False,False,False,False,False,False,False,False
2023-09-11,0,18.2,199,9,False,254,False,True,False,False,False,False,False,False,False,False,False,False,False
2023-09-12,0,11.5,212,9,False,255,False,False,False,False,False,True,False,False,False,True,False,False,False
2023-09-13,0,17.0,191,9,False,256,False,False,False,False,False,False,True,False,False,False,False,False,False
2023-09-14,0,17.8,130,9,False,257,False,False,False,False,True,False,False,False,True,False,False,False,False
2023-09-15,0,16.5,173,9,False,258,False,False,False,False,False,False,False,False,False,False,False,False,False
2023-09-16,0,13.7,227,9,True,259,False,False,True,False,False,False,False,True,False,False,False,False,False
2023-09-17,1,15.7,367,9,True,260,False,False,False,True,False,False,False,False,False,False,False,False,False
2023-09-18,0,16.4,159,9,False,261,False,True,False,False,False,False,False,True,False,False,False,False,False
2023-09-19,1,15.1,214,9,False,262,False,False,False,False,False,True,False,False,True,False,False,False,False
2023-09-20,1,16.2,287,9,False,263,False,False,False,False,False,False,True,False,False,False,False,False,False
2023-09-21,0,16.2,187,9,False,264,False,False,False,False,True,False,False,False,False,True,False,False,False
2023-09-22,0,12.3,221,9,False,265,False,False,False,False,False,False,False,False,False,True,False,False,False
2023-09-23,0,16.9,260,9,True,266,False,False,True,False,False,False,False,False,False,False,False,False,False
2023-09-24,1,5.7,310,9,True,267,False,False,False,True,False,False,False,True,False,False,False,False,False
2023-09-25,1,19.6,264,9,False,268,False,True,False,False,False,False,False,True,False,False,False,False,False
2023-09-26,0,12.3,172,9,False,269,False,False,False,False,False,True,False,True,False,False,False,False,False
2023-09-27,1,10.0,223,9,False,270,False,False,False,False,False,False,True,True,False,False,False,False,False
2023-09-28,0,12.7,189,9,False,271,False,False,False,False,True,False,False,False,False,True,False,False,False
2023-09-29,0,14.3,196,9,False,272,False,False,False,False,False,False,False,True,False,False,False,False,False
2023-09-30,0,10.0,263,9,True,273,False,False,True,False,False,False,False,False,False,True,False,False,False
2023-10-01,0,10.2,219,10,True,274,False,False,False,True,False,False,False,False,False,False,False,False,False
2023-10-02,0,16.6,160,10,False,275,False,True,False,False,False,False,False,True,False,False,False,False,False
2023-10-03,0,11.9,202,10,False,276,False,False,False,False,False,True,False,False,False,True,False,False,False
2023-10-04,0,13.3,215,10,False,277,False,False,False,False,False,False,True,False,False,True,False,False,False
2023-10-05,1,12.6,280,10,False,278,False,False,False,False,True,False,False,False,False,False,False,False,False
2023-10-06,0,14.4,117,10,False,279,False,False,False,False,False,False,False,False,True,False,False,False,False
2023-10-07,0,10.8,221,10,True,280,False,False,True,False,False,False,False,True,False,False,False,False,False
2023-10-08,0,14.7,207,10,True,281,False,False,False,True,False,False,False,True,False,False,False,False,False
2023-10-09,0,18.6,214,10,False,282,True,True,False,False,False,False,False,False,False,True,False,False,False
2023-10-10,1,6.0,306,10,False,283,False,False,False,False,False,True,False,False,False,False,False,False,False
2023-10-11,1,8.6,275,10,False,284,False,False,False,False,False,False,True,False,False,False,False,False,False
2023-10-12,1,12.2,266,10,False,285,False,False,False,False,True,False,False,False,False,True,False,False,False
2023-10-13,0,12.9,205,10,False,286,False,False,False,False,False,False,False,False,False,False,False,False,False
2023-10-14,0,13.0,261,10,True,287,False,False,True,False,False,False,False,False,False,True,False,False,False
2023-10-15,0,15.2,264,10,True,288,False,False,False,True,False,False,False,False,False,True,False,False,False
2023-10-16,0,14.5,137,10,False,289,False,True,False,False,False,False,False,False,True,False,False,False,False
2023-10-17,0,19.9,264,10,False,290,False,False,False,False,False,True,False,False,False,True,False,False,False
2023-10-18,1,10.5,276,10,False,291,False,False,False,False,False,False,True,False,False,False,False,False,False
2023-10-19,0,8.7,144,10,False,292,False,False,False,False,True,False,False,False,True,False,False,False,False
2023-10-20,0,20.8,175,10,False,293,False,False,False,False,False,False,False,False,False,False,False,False,False
2023-10-21,0,14.0,279,10,True,294,False,False,True,False,False,False,False,False,False,True,False,False,False
2023-10-22,0,11.6,262,10,True,295,False,False,False,True,False,False,False,False,False,False,False,False,False
2023-10-23,1,17.5,298,10,False,296,False,True,False,False,False,False,False,False,False,True,False,False,False
2023-10-24,0,18.5,177,10,False,297,False,False,False,False,False,True,False,False,False,True,False,False,False
2023-10-25,0,15.1,212,10,False,298,False,False,False,False,False,False,True,False,False,False,False,False,False
2023-10-26,0,17.5,151,10,False,299,False,False,False,False,True,False,False,False,True,False,False,False,False
2023-10-27,0,17.5,158,10,False,300,False,False,False,False,False,False,False,False,True,False,False,False,False
2023-10-28,0,16.4,289,10,True,301,False,False,True,False,False,False,False,False,False,True,False,False,False
2023-10-29,0,10.4,278,10,True,302,False,False,False,True,False,False,False,False,False,True,False,False,False
2023-10-30,1,17.3,279,10,False,303,False,True,False,False,False,False,False,False,False,False,False,False,False
2023-10-31,0,9.8,163,10,False,304,False,False,False,False,False,True,False,True,False,False,False,False,False
2023-11-01,1,9.7,233,11,False,305,False,False,False,False,False,False,True,False,True,False,False,False,False
2023-11-02,0,9.9,201,11,False,306,False,False,False,False,True,False,False,False,False,True,False,False,False
2023-11-03,1,5.0,232,11,False,307,False,False,False,False,False,False,False,False,True,False,False,False,False
2023-11-04,1,0.9,333,11,True,308,False,False,True,False,False,False,False,False,False,False,False,False,False
2023-11-05,0,9.1,259,11,True,309,False,False,False,True,False,False,False,False,False,False,False,False,False
2023-11-06,0,12.9,134,11,False,310,False,True,False,False,False,False,False,True,False,False,False,False,False
2023-11-07,0,17.5,220,11,False,311,False,False,False,False,False,True,False,False,False,True,False,False,False
2023-11-08,0,16.3,202,11,False,312,False,False,False,False,False,False,True,False,False,True,False,False,False
2023-11-09,0,16.5,225,11,False,313,False,False,False,False,True,False,False,False,False,True,False,False,False
2023-11-10,0,14.1,128,11,False,314,True,False,False,False,False,False,False,False,True,False,False,False,False
2023-11-11,0,17.9,271,11,True,315,False,False,True,False,False,False,False,False,False,True,False,False,False
2023-11-12,0,12.4,260,11,True,316,False,False,False,True,False,False,False,False,False,True,False,False,False
2023-11-13,1,8.1,239,11,False,317,False,True,False,False,False,False,False,True,False,False,False,False,False
2023-11-14,1,15.5,227,11,False,318,False,False,False,False,False,True,False,True,False,False,False,False,False
2023-11-15,0,16.3,207,11,False,319,False,False,False,False,False,False,True,False,False,False,False,False,False
2023-11-16,1,9.4,312,11,False,320,False,False,False,False,True,False,False,False,False,True,False,False,False
2023-11-17,1,9.0,314,11,False,321,False,False,False,False,False,False,False,False,False,True,False,False,False
2023-11-18,0,2.8,266,11,True,322,False,False,True,False,False,False,False,False,False,True,False,False,False
2023-11-19,0,15.2,196,11,True,323,False,False,False,True,False,False,False,True,False,False,False,False,False
2023-11-20,1,15.7,291,11,False,324,False,True,False,False,False,False,False,False,False,False,False,False,False
2023-11-21,0,7.1,223,11,False,325,False,False,False,False,False,True,False,False,False,True,False,False,False
2023-11-22,1,12.1,329,11,False,326,False,False,False,False,False,False,True,False,False,True,False,False,False
2023-11-23,0,19.6,220,11,False,327,True,False,False,False,True,False,False,False,False,True,False,False,False
2023-11-24,1,11.5,293,11,False,328,False,False,False,False,False,False,False,False,False,True,False,False,False
2023-11-25,0,17.6,281,11,True,329,False,False,True,False,False,False,False,False,False,False,False,False,False
2023-11-26,0,16.9,268,11,True,330,False,False,False,True,False,False,False,False,False,True,False,False,False
2023-11-27,1,13.7,340,11,False,331,False,True,False,False,False,False,False,False,False,True,False,False,False
2023-11-28,0,4.2,250,11,False,332,False,False,False,False,False,True,False,False,False,True,False,False,False
2023-11-29,0,15.4,188,11,False,333,False,False,False,False,False,False,True,False,False,True,False,False,False
2023-11-30,0,14.7,170,11,False,334,False,False,False,False,True,False,False,True,False,False,False,False,False
2023-12-01,1,14.0,280,12,False,335,False,False,False,False,False,False,False,False,False,True,False,False,True
2023-12-02,0,7.4,262,12,True,336,False,False,True,False,False,False,False,False,False,False,False,False,True
2023-12-03,0,2.6,291,12,True,337,False,False,False,True,False,False,False,False,False,False,False,False,True
2023-12-04,0,3.8,246,12,False,338,False,True,False,False,False,False,False,False,False,True,False,False,True
2023-12-05,0,-4.3,160,12,False,339,False,False,False,False,False,True,False,False,False,False,False,False,True
2023-12-06,0,9.5,233,12,False,340,False,False,False,False,False,False,True,False,False,True,False,False,True
2023-12-07,1,14.9,232,12,False,341,False,False,False,False,True,False,False,True,False,False,False,False,True
2023-12-08,1,-1.7,250,12,False,342,False,False,False,False,False,False,False,False,True,False,False,False,True
2023-12-09,0,-1.3,217,12,True,343,False,False,True,False,False,False,False,False,False,True,False,False,True
2023-12-10,1,6.0,353,12,True,344,False,False,False,True,False,False,False,False,False,False,False,False,True
2023-12-11,0,-3.9,206,12,False,345,False,True,False,False,False,False,False,False,False,False,False,False,True
2023-12-12,0,2.6,148,12,False,346,False,False,False,False,False,True,False,True,False,False,False,False,True
2023-12-13,0,8.4,185,12,False,347,False,False,False,False,False,False,True,False,False,True,False,False,True
2023-12-14,0,1.6,194,12,False,348,False,False,False,False,True,False,False,False,False,False,False,False,True
2023-12-15,1,2.0,221,12,False,349,False,False,False,False,False,False,False,False,True,False,False,False,True
2023-12-16,1,1.0,319,12,True,350,False,False,True,False,False,False,False,False,False,True,False,False,True
2023-12-17,0,3.1,262,12,True,351,False,False,False,True,False,False,False,False,False,False,False,False,True
2023-12-18,1,4.1,289,12,False,352,False,True,False,False,False,False,False,False,False,False,False,False,True
2023-12-19,1,9.2,288,12,False,353,False,False,False,False,False,True,False,False,False,False,False,False,True
2023-12-20,1,8.9,242,12,False,354,False,False,False,False,False,False,True,True,False,False,False,False,True
2023-12-21,1,3.5,297,12,False,355,False,False,False,False,True,False,False,False,False,False,False,False,True
2023-12-22,0,7.9,148,12,False,356,False,False,False,False,False,False,False,False,True,False,False,False,True
2023-12-23,0,-5.8,263,12,True,357,False,False,True,False,False,False,False,False,False,False,False,False,True
2023-12-24,0,3.0,255,12,True,358,False,False,False,True,False,False,False,False,False,False,False,False,True
2023-12-25,1,3.2,279,12,False,359,True,True,False,False,False,False,False,False,False,True,False,False,True
2023-12-26,0,-1.8,185,12,False,360,False,False,False,False,False,True,False,False,False,True,False,False,True
2023-12-27,0,4.2,242,12,False,361,False,False,False,False,False,False,True,False,False,True,False,False,True
2023-12-28,0,12.2,150,12,False,362,False,False,False,False,True,False,False,True,False,False,False,False,True
2023-12-29,0,5.2,157,12,False,363,False,False,False,False,False,False,False,False,True,False,False,False,True
2023-12-30,0,10.2,241,12,True,364,False,False,True,False,False,False,False,False,False,True,False,False,True
2023-12-31,0,6.0,259,12,True,365,False,False,False,True,False,False,False,False,False,True,False,False,True
